molecule_chembl_id,relation,standard_relation,standard_units,standard_value,units,value,target,is_outlier,molwt,LogP,TPSA,HBD,HBA,RotB,violation_count,passes_lipinski,passes_veber
CHEMBL165,=,=,nM,0.6,nM,0.6,DPP4,False,228.247,2.9738000000000016,60.69,3.0,3.0,2.0,0.0,True,True
CHEMBL9352,=,=,nM,2.9,nM,2.9,aromatase,False,272.25600000000003,2.509900000000002,86.99000000000001,3.0,5.0,1.0,0.0,True,True
CHEMBL275638,=,=,nM,8.0,nM,8.0,aromatase,False,222.243,3.4600000000000017,30.21,0.0,2.0,1.0,0.0,True,True
CHEMBL50,=,=,nM,12.0,nM,12.0,aromatase,False,302.23800000000006,1.988,131.36,5.0,7.0,1.0,0.0,True,True
CHEMBL5624847,=,=,nM,83.0,uM,0.083,DPP4,False,498.5160000000002,4.124700000000003,101.06,0.0,7.0,6.0,0.0,True,True
CHEMBL5630729,=,=,nM,90.0,uM,0.09,DPP4,False,378.4060000000001,1.2959,96.38,1.0,8.0,4.0,0.0,True,True
CHEMBL5631021,=,=,nM,90.0,uM,0.09,DPP4,False,538.6070000000002,2.8485000000000005,118.88000000000002,0.0,10.0,7.0,1.0,True,True
CHEMBL5624847,=,=,nM,117.0,uM,0.117,PTP1B,False,498.5160000000002,4.124700000000003,101.06,0.0,7.0,6.0,0.0,True,True
CHEMBL5630566,=,=,nM,118.0,uM,0.118,DPP4,False,543.5270000000003,3.954600000000003,97.63000000000002,0.0,9.0,6.0,1.0,True,True
CHEMBL151,=,=,nM,120.0,uM,0.12,DPP4,False,286.23900000000003,2.2824000000000004,111.13,4.0,6.0,1.0,0.0,True,True
CHEMBL5624515,=,=,nM,126.0,uM,0.126,DPP4,False,577.6840000000003,3.835000000000003,104.3,0.0,8.0,8.0,1.0,True,True
CHEMBL5631021,=,=,nM,139.0,uM,0.139,PTP1B,False,538.6070000000002,2.8485000000000005,118.88000000000002,0.0,10.0,7.0,1.0,True,True
CHEMBL28,=,=,nM,140.0,uM,0.14,DPP4,False,270.24,2.576800000000001,90.9,3.0,5.0,1.0,0.0,True,True
CHEMBL275638,=,=,nM,170.0,uM,0.17,DPP4,False,222.243,3.4600000000000017,30.21,0.0,2.0,1.0,0.0,True,True
CHEMBL5630566,=,=,nM,179.0,uM,0.179,PTP1B,False,543.5270000000003,3.954600000000003,97.63000000000002,0.0,9.0,6.0,1.0,True,True
CHEMBL5630180,=,=,nM,197.0,uM,0.197,PTP1B,False,515.6130000000003,2.4057000000000004,104.3,0.0,8.0,7.0,1.0,True,True
CHEMBL5630180,=,=,nM,220.0,uM,0.22,DPP4,False,515.6130000000003,2.4057000000000004,104.3,0.0,8.0,7.0,1.0,True,True
CHEMBL9352,=,=,nM,230.0,uM,0.23,aromatase,False,272.25600000000003,2.509900000000002,86.99000000000001,3.0,5.0,1.0,0.0,True,True
CHEMBL9352,=,=,nM,230.0,uM,0.23,aromatase,False,272.25600000000003,2.509900000000002,86.99000000000001,3.0,5.0,1.0,0.0,True,True
CHEMBL9352,=,=,nM,230.0,uM,0.23,aromatase,False,272.25600000000003,2.509900000000002,86.99000000000001,3.0,5.0,1.0,0.0,True,True
CHEMBL9352,=,=,nM,240.0,uM,0.24,DPP4,False,272.25600000000003,2.509900000000002,86.99000000000001,3.0,5.0,1.0,0.0,True,True
CHEMBL5624515,=,=,nM,289.0,uM,0.289,PTP1B,False,577.6840000000003,3.835000000000003,104.3,0.0,8.0,8.0,1.0,True,True
CHEMBL28,=,=,nM,900.0,nM,900.0,aromatase,False,270.24,2.576800000000001,90.9,3.0,5.0,1.0,0.0,True,True
CHEMBL9352,=,=,nM,1000.0,uM,1.0,aromatase,False,272.25600000000003,2.509900000000002,86.99000000000001,3.0,5.0,1.0,0.0,True,True
CHEMBL28,=,=,nM,1000.0,uM,1.0,aromatase,False,270.24,2.576800000000001,90.9,3.0,5.0,1.0,0.0,True,True
CHEMBL5624654,=,=,nM,1030.0,uM,1.03,PTP1B,False,445.4690000000002,1.1049,95.07,0.0,7.0,4.0,0.0,True,True
CHEMBL151,=,=,nM,1199.5,,5.921,aromatase,False,286.23900000000003,2.2824000000000004,111.13,4.0,6.0,1.0,0.0,True,True
CHEMBL9352,=,=,nM,1200.0,uM,1.2,aromatase,False,272.25600000000003,2.509900000000002,86.99000000000001,3.0,5.0,1.0,0.0,True,True
CHEMBL9352,=,=,nM,1200.0,uM,1.2,aromatase,False,272.25600000000003,2.509900000000002,86.99000000000001,3.0,5.0,1.0,0.0,True,True
CHEMBL28,=,=,nM,1200.0,uM,1.2,aromatase,False,270.24,2.576800000000001,90.9,3.0,5.0,1.0,0.0,True,True
CHEMBL5629890,=,=,nM,1220.0,uM,1.22,DPP4,True,473.38300000000015,2.6538000000000013,88.4,0.0,8.0,3.0,0.0,True,True
CHEMBL5624938,=,=,nM,1270.0,uM,1.27,PTP1B,False,468.4630000000002,1.5476999999999996,109.65,0.0,9.0,4.0,0.0,True,True
CHEMBL269277,=,=,nM,1500.0,uM,1.5,PTP1B,False,456.7110000000003,7.089500000000009,57.53,2.0,2.0,2.0,1.0,True,True
CHEMBL5624654,=,=,nM,2130.0,uM,2.13,DPP4,True,445.4690000000002,1.1049,95.07,0.0,7.0,4.0,0.0,True,True
CHEMBL169,=,=,nM,2150.0,uM,2.15,PTP1B,False,456.7110000000003,7.089500000000009,57.53,2.0,2.0,1.0,1.0,True,True
CHEMBL169,=,=,nM,2300.0,uM,2.3,PTP1B,False,456.7110000000003,7.089500000000009,57.53,2.0,2.0,1.0,1.0,True,True
CHEMBL169,=,=,nM,2490.0,uM,2.49,PTP1B,False,456.7110000000003,7.089500000000009,57.53,2.0,2.0,1.0,1.0,True,True
CHEMBL169,=,=,nM,2500.0,uM,2.5,PTP1B,False,456.7110000000003,7.089500000000009,57.53,2.0,2.0,1.0,1.0,True,True
CHEMBL169,=,=,nM,2750.0,uM,2.75,PTP1B,False,456.7110000000003,7.089500000000009,57.53,2.0,2.0,1.0,1.0,True,True
CHEMBL5624938,=,=,nM,2770.0,uM,2.77,DPP4,True,468.4630000000002,1.5476999999999996,109.65,0.0,9.0,4.0,0.0,True,True
CHEMBL260553,=,=,nM,2800.0,uM,2.8,PTP1B,False,396.4390000000002,4.786000000000005,111.13,4.0,6.0,4.0,0.0,True,True
CHEMBL169,=,=,nM,2800.0,uM,2.8,PTP1B,False,456.7110000000003,7.089500000000009,57.53,2.0,2.0,1.0,1.0,True,True
CHEMBL28,=,=,nM,2897.34,,5.538,aromatase,False,270.24,2.576800000000001,90.9,3.0,5.0,1.0,0.0,True,True
CHEMBL50,=,=,nM,2920.0,uM,2.92,DPP4,True,302.23800000000006,1.988,131.36,5.0,7.0,1.0,0.0,True,True
CHEMBL169,=,=,nM,3000.0,uM,3.0,PTP1B,False,456.7110000000003,7.089500000000009,57.53,2.0,2.0,1.0,1.0,True,True
CHEMBL145,=,=,nM,3060.0,uM,3.06,PTP1B,False,180.159,1.1956,77.76,3.0,3.0,2.0,0.0,True,True
CHEMBL5624477,=,=,nM,3070.0,uM,3.07,DPP4,True,437.3890000000001,2.453900000000001,134.97,0.0,8.0,4.0,0.0,True,True
CHEMBL169,=,=,nM,3080.0,uM,3.08,PTP1B,False,456.7110000000003,7.089500000000009,57.53,2.0,2.0,1.0,1.0,True,True
CHEMBL169,=,=,nM,3080.0,uM,3.08,PTP1B,False,456.7110000000003,7.089500000000009,57.53,2.0,2.0,1.0,1.0,True,True
CHEMBL169,=,=,nM,3080.0,uM,3.08,PTP1B,False,456.7110000000003,7.089500000000009,57.53,2.0,2.0,1.0,1.0,True,True
CHEMBL169,=,=,nM,3080.0,,5.511449,PTP1B,False,456.7110000000003,7.089500000000009,57.53,2.0,2.0,1.0,1.0,True,True
CHEMBL169,=,=,nM,3080.0,uM,3.08,PTP1B,False,456.7110000000003,7.089500000000009,57.53,2.0,2.0,1.0,1.0,True,True
CHEMBL169,=,=,nM,3100.0,uM,3.1,PTP1B,False,456.7110000000003,7.089500000000009,57.53,2.0,2.0,1.0,1.0,True,True
CHEMBL169,=,=,nM,3100.0,uM,3.1,PTP1B,False,456.7110000000003,7.089500000000009,57.53,2.0,2.0,1.0,1.0,True,True
CHEMBL169,=,=,nM,3100.0,uM,3.1,PTP1B,False,456.7110000000003,7.089500000000009,57.53,2.0,2.0,1.0,1.0,True,True
CHEMBL169,=,=,nM,3100.0,uM,3.1,PTP1B,False,456.7110000000003,7.089500000000009,57.53,2.0,2.0,1.0,1.0,True,True
CHEMBL169,=,=,nM,3100.0,uM,3.1,PTP1B,False,456.7110000000003,7.089500000000009,57.53,2.0,2.0,1.0,1.0,True,True
CHEMBL9352,=,=,nM,3300.0,uM,3.3,aromatase,False,272.25600000000003,2.509900000000002,86.99000000000001,3.0,5.0,1.0,0.0,True,True
CHEMBL145,=,=,nM,3370.0,uM,3.37,DPP4,True,180.159,1.1956,77.76,3.0,3.0,2.0,0.0,True,True
CHEMBL169,=,=,nM,3400.0,uM,3.4,PTP1B,False,456.7110000000003,7.089500000000009,57.53,2.0,2.0,1.0,1.0,True,True
CHEMBL169,=,=,nM,3400.0,uM,3.4,PTP1B,False,456.7110000000003,7.089500000000009,57.53,2.0,2.0,1.0,1.0,True,True
CHEMBL169,=,=,nM,3500.0,uM,3.5,PTP1B,False,456.7110000000003,7.089500000000009,57.53,2.0,2.0,1.0,1.0,True,True
CHEMBL169,=,=,nM,3500.0,uM,3.5,PTP1B,False,456.7110000000003,7.089500000000009,57.53,2.0,2.0,1.0,1.0,True,True
CHEMBL169,=,=,nM,3600.0,uM,3.6,PTP1B,False,456.7110000000003,7.089500000000009,57.53,2.0,2.0,1.0,1.0,True,True
CHEMBL169,=,=,nM,3600.0,uM,3.6,PTP1B,False,456.7110000000003,7.089500000000009,57.53,2.0,2.0,1.0,1.0,True,True
CHEMBL169,=,=,nM,3600.0,uM,3.6,PTP1B,False,456.7110000000003,7.089500000000009,57.53,2.0,2.0,1.0,1.0,True,True
CHEMBL169,=,=,nM,3600.0,uM,3.6,PTP1B,False,456.7110000000003,7.089500000000009,57.53,2.0,2.0,1.0,1.0,True,True
CHEMBL169,=,=,nM,3600.0,uM,3.6,PTP1B,False,456.7110000000003,7.089500000000009,57.53,2.0,2.0,1.0,1.0,True,True
CHEMBL169,=,=,nM,3600.0,uM,3.6,PTP1B,False,456.7110000000003,7.089500000000009,57.53,2.0,2.0,1.0,1.0,True,True
CHEMBL169,=,=,nM,3800.0,uM,3.8,PTP1B,False,456.7110000000003,7.089500000000009,57.53,2.0,2.0,1.0,1.0,True,True
CHEMBL169,=,=,nM,3900.0,uM,3.9,PTP1B,False,456.7110000000003,7.089500000000009,57.53,2.0,2.0,1.0,1.0,True,True
CHEMBL169,=,=,nM,4000.0,uM,4.0,PTP1B,False,456.7110000000003,7.089500000000009,57.53,2.0,2.0,1.0,1.0,True,True
CHEMBL229789,=,=,nM,4080.0,uM,4.08,aromatase,False,338.40300000000013,4.616000000000004,55.760000000000005,1.0,4.0,4.0,0.0,True,True
CHEMBL169,=,=,nM,4120.0,uM,4.12,PTP1B,False,456.7110000000003,7.089500000000009,57.53,2.0,2.0,1.0,1.0,True,True
CHEMBL169,=,=,nM,4120.0,uM,4.12,PTP1B,False,456.7110000000003,7.089500000000009,57.53,2.0,2.0,1.0,1.0,True,True
CHEMBL5630880,=,=,nM,4390.0,uM,4.39,PTP1B,False,428.37200000000007,2.823900000000001,91.83,0.0,6.0,3.0,0.0,True,True
CHEMBL260553,=,=,nM,4970.0,uM,4.97,aromatase,False,396.4390000000002,4.786000000000005,111.13,4.0,6.0,4.0,0.0,True,True
CHEMBL169,=,=,nM,5000.0,uM,5.0,PTP1B,False,456.7110000000003,7.089500000000009,57.53,2.0,2.0,1.0,1.0,True,True
CHEMBL9352,=,=,nM,5100.0,uM,5.1,aromatase,False,272.25600000000003,2.509900000000002,86.99000000000001,3.0,5.0,1.0,0.0,True,True
CHEMBL169,=,=,nM,5100.0,uM,5.1,PTP1B,False,456.7110000000003,7.089500000000009,57.53,2.0,2.0,1.0,1.0,True,True
CHEMBL169,=,=,nM,5200.0,uM,5.2,PTP1B,False,456.7110000000003,7.089500000000009,57.53,2.0,2.0,1.0,1.0,True,True
CHEMBL169,=,=,nM,5200.0,uM,5.2,PTP1B,False,456.7110000000003,7.089500000000009,57.53,2.0,2.0,1.0,1.0,True,True
CHEMBL169,=,=,nM,5400.0,uM,5.4,PTP1B,False,456.7110000000003,7.089500000000009,57.53,2.0,2.0,1.0,1.0,True,True
CHEMBL169,=,=,nM,5460.0,uM,5.46,PTP1B,False,456.7110000000003,7.089500000000009,57.53,2.0,2.0,1.0,1.0,True,True
CHEMBL323197,=,=,nM,5500.0,uM,5.5,PTP1B,False,410.46600000000024,5.089000000000003,100.13,3.0,6.0,5.0,1.0,True,True
CHEMBL5624477,=,=,nM,5720.0,uM,5.72,PTP1B,False,437.3890000000001,2.453900000000001,134.97,0.0,8.0,4.0,0.0,True,True
CHEMBL5630679,=,=,nM,6270.0,uM,6.27,DPP4,True,507.54000000000025,2.534200000000001,95.07,0.0,7.0,5.0,1.0,True,True
CHEMBL260553,=,=,nM,6900.0,uM,6.9,aromatase,False,396.4390000000002,4.786000000000005,111.13,4.0,6.0,4.0,0.0,True,True
CHEMBL5630820,=,=,nM,7320.0,uM,7.32,PTP1B,False,516.5570000000002,2.1642,138.21,0.0,9.0,6.0,1.0,True,True
CHEMBL5630679,=,=,nM,7960.0,uM,7.96,PTP1B,False,507.54000000000025,2.534200000000001,95.07,0.0,7.0,5.0,1.0,True,True
CHEMBL275638,=,=,nM,8000.0,uM,8.0,aromatase,False,222.243,3.4600000000000017,30.21,0.0,2.0,1.0,0.0,True,True
CHEMBL5630880,=,=,nM,8010.0,uM,8.01,DPP4,True,428.37200000000007,2.823900000000001,91.83,0.0,6.0,3.0,0.0,True,True
CHEMBL5630820,=,=,nM,8030.0,uM,8.03,DPP4,True,516.5570000000002,2.1642,138.21,0.0,9.0,6.0,1.0,True,True
CHEMBL169,=,=,nM,8900.0,uM,8.9,PTP1B,False,456.7110000000003,7.089500000000009,57.53,2.0,2.0,1.0,1.0,True,True
CHEMBL5630847,=,=,nM,9370.0,uM,9.37,PTP1B,False,454.4860000000003,0.7348999999999999,138.21,0.0,9.0,5.0,0.0,True,True
CHEMBL1778899,=,=,nM,9900.0,uM,9.9,PTP1B,False,363.2070000000001,4.068000000000003,55.760000000000005,1.0,4.0,5.0,0.0,True,True
CHEMBL275638,=,=,nM,10000.0,uM,10.0,aromatase,False,222.243,3.4600000000000017,30.21,0.0,2.0,1.0,0.0,True,True
CHEMBL28,=,=,nM,10000.0,uM,10.0,aromatase,False,270.24,2.576800000000001,90.9,3.0,5.0,1.0,0.0,True,True
CHEMBL50,=,=,nM,12000.0,uM,12.0,aromatase,False,302.23800000000006,1.988,131.36,5.0,7.0,1.0,0.0,True,True
CHEMBL1778898,=,=,nM,13700.0,uM,13.7,PTP1B,False,349.18000000000006,3.7650000000000015,66.76,2.0,4.0,4.0,0.0,True,True
CHEMBL5629890,=,=,nM,14510.0,uM,14.51,PTP1B,False,473.38300000000015,2.6538000000000013,88.4,0.0,8.0,3.0,0.0,True,True
CHEMBL5630729,=,=,nM,15400.0,uM,15.4,PTP1B,False,378.4060000000001,1.2959,96.38,1.0,8.0,4.0,0.0,True,True
CHEMBL169,=,=,nM,15500.0,uM,15.5,PTP1B,False,456.7110000000003,7.089500000000009,57.53,2.0,2.0,1.0,1.0,True,True
CHEMBL169,=,=,nM,15500.0,uM,15.5,PTP1B,False,456.7110000000003,7.089500000000009,57.53,2.0,2.0,1.0,1.0,True,True
CHEMBL169,=,=,nM,15500.0,uM,15.5,PTP1B,False,456.7110000000003,7.089500000000009,57.53,2.0,2.0,1.0,1.0,True,True
CHEMBL5630847,=,=,nM,16210.0,uM,16.21,DPP4,True,454.4860000000003,0.7348999999999999,138.21,0.0,9.0,5.0,0.0,True,True
CHEMBL1778898,=,=,nM,16390.0,uM,16.39,DPP4,True,349.18000000000006,3.7650000000000015,66.76,2.0,4.0,4.0,0.0,True,True
CHEMBL229789,=,=,nM,16500.0,uM,16.5,PTP1B,False,338.40300000000013,4.616000000000004,55.760000000000005,1.0,4.0,4.0,0.0,True,True
CHEMBL9352,=,=,nM,17000.0,uM,17.0,aromatase,True,272.25600000000003,2.509900000000002,86.99000000000001,3.0,5.0,1.0,0.0,True,True
CHEMBL139702,=,=,nM,19100.0,uM,19.1,PTP1B,False,338.4030000000001,4.466100000000004,66.76,2.0,4.0,6.0,0.0,True,True
CHEMBL139702,=,=,nM,19100.0,uM,19.1,PTP1B,False,338.4030000000001,4.466100000000004,66.76,2.0,4.0,6.0,0.0,True,True
CHEMBL139702,=,=,nM,19100.0,uM,19.1,PTP1B,False,338.4030000000001,4.466100000000004,66.76,2.0,4.0,6.0,0.0,True,True
CHEMBL323197,=,=,nM,20700.0,uM,20.7,aromatase,True,410.46600000000024,5.089000000000003,100.13,3.0,6.0,5.0,1.0,True,True
CHEMBL169,=,=,nM,22200.0,uM,22.2,PTP1B,False,456.7110000000003,7.089500000000009,57.53,2.0,2.0,1.0,1.0,True,True
CHEMBL165,=,=,nM,22500.0,uM,22.5,aromatase,True,228.247,2.9738000000000016,60.69,3.0,3.0,2.0,0.0,True,True
CHEMBL50,=,=,nM,23300.0,uM,23.3,PTP1B,False,302.23800000000006,1.988,131.36,5.0,7.0,1.0,0.0,True,True
CHEMBL50,=,=,nM,23300.0,uM,23.3,PTP1B,False,302.23800000000006,1.988,131.36,5.0,7.0,1.0,0.0,True,True
CHEMBL165,=,=,nM,25000.0,uM,25.0,aromatase,True,228.247,2.9738000000000016,60.69,3.0,3.0,2.0,0.0,True,True
CHEMBL165,=,=,nM,25000.0,uM,25.0,aromatase,True,228.247,2.9738000000000016,60.69,3.0,3.0,2.0,0.0,True,True
CHEMBL165,=,=,nM,25000.0,uM,25.0,aromatase,True,228.247,2.9738000000000016,60.69,3.0,3.0,2.0,0.0,True,True
CHEMBL165,=,=,nM,25003.45,,4.602,aromatase,True,228.247,2.9738000000000016,60.69,3.0,3.0,2.0,0.0,True,True
CHEMBL165,=,=,nM,25400.0,uM,25.4,aromatase,True,228.247,2.9738000000000016,60.69,3.0,3.0,2.0,0.0,True,True
CHEMBL169,=,=,nM,26600.0,uM,26.6,PTP1B,False,456.7110000000003,7.089500000000009,57.53,2.0,2.0,1.0,1.0,True,True
CHEMBL169,=,=,nM,27800.0,uM,27.8,PTP1B,False,456.7110000000003,7.089500000000009,57.53,2.0,2.0,1.0,1.0,True,True
CHEMBL558103,=,=,nM,29200.0,uM,29.2,PTP1B,False,324.37600000000003,4.313000000000004,66.76,2.0,4.0,3.0,0.0,True,True
CHEMBL139702,=,=,nM,30390.0,uM,30.39,DPP4,True,338.4030000000001,4.466100000000004,66.76,2.0,4.0,6.0,0.0,True,True
CHEMBL169,=,=,nM,30700.0,uM,30.7,PTP1B,False,456.7110000000003,7.089500000000009,57.53,2.0,2.0,1.0,1.0,True,True
CHEMBL169,=,=,nM,32000.0,uM,32.0,aromatase,True,456.7110000000003,7.089500000000009,57.53,2.0,2.0,1.0,1.0,True,True
CHEMBL50,=,=,nM,32730.0,uM,32.73,DPP4,True,302.23800000000006,1.988,131.36,5.0,7.0,1.0,0.0,True,True
CHEMBL169,=,=,nM,33100.0,uM,33.1,PTP1B,False,456.7110000000003,7.089500000000009,57.53,2.0,2.0,1.0,1.0,True,True
CHEMBL1778899,=,=,nM,34000.0,uM,34.0,DPP4,True,363.2070000000001,4.068000000000003,55.760000000000005,1.0,4.0,5.0,0.0,True,True
CHEMBL5630400,=,=,nM,34340.0,uM,34.34,DPP4,True,482.4000000000002,2.2838000000000003,131.54000000000002,0.0,10.0,4.0,0.0,True,True
CHEMBL558103,=,=,nM,40950.0,uM,40.95,aromatase,True,324.37600000000003,4.313000000000004,66.76,2.0,4.0,3.0,0.0,True,True
CHEMBL275638,=,=,nM,47973.34,,4.319,aromatase,True,222.243,3.4600000000000017,30.21,0.0,2.0,1.0,0.0,True,True
CHEMBL269277,=,=,nM,55820.0,uM,55.82,DPP4,True,456.7110000000003,7.089500000000009,57.53,2.0,2.0,2.0,1.0,True,True
CHEMBL5630400,=,=,nM,58060.0,uM,58.06,PTP1B,True,482.4000000000002,2.2838000000000003,131.54000000000002,0.0,10.0,4.0,0.0,True,True
CHEMBL165,=,=,nM,80000.0,uM,80.0,aromatase,True,228.247,2.9738000000000016,60.69,3.0,3.0,2.0,0.0,True,True
CHEMBL50,=,=,nM,130000.0,uM,130.0,DPP4,True,302.23800000000006,1.988,131.36,5.0,7.0,1.0,0.0,True,True
CHEMBL9352,=,=,nM,130100.0,uM,130.1,PTP1B,True,272.25600000000003,2.509900000000002,86.99000000000001,3.0,5.0,1.0,0.0,True,True
